{"stats":{"minecraft:picked_up":{"born_in_chaos_v1:corpse_maggot":1,"minecraft:crafting_table":3,"minecraft:raw_iron":10,"minecraft:sweet_berries":27,"minecraft:spruce_log":14,"minecraft:dirt":17,"minecraft:rotten_flesh":1,"minecraft:cobblestone":98},"minecraft:custom":{"minecraft:time_since_rest":17595,"minecraft:sprint_one_cm":9900,"minecraft:damage_taken":175,"minecraft:walk_one_cm":42359,"minecraft:mob_kills":5,"minecraft:damage_dealt":639,"minecraft:interact_with_crafting_table":3,"minecraft:fly_one_cm":7892,"minecraft:crouch_one_cm":6652,"minecraft:play_time":17595,"tombstone:undead_killed":1,"minecraft:sneak_time":2373,"minecraft:walk_under_water_one_cm":273,"minecraft:jump":185,"minecraft:leave_game":2,"minecraft:walk_on_water_one_cm":74,"minecraft:time_since_death":17595,"minecraft:total_world_time":17595,"minecraft:fall_one_cm":544},"minecraft:used":{"minecraft:stone_pickaxe":114,"minecraft:wooden_pickaxe":22,"minecraft:rotten_flesh":1,"minecraft:dirt":12,"minecraft:cobblestone":11,"minecraft:sweet_berries":16,"minecraft:crafting_table":3,"alexsmobs:animal_dictionary":3},"minecraft:killed":{"minecraft:zombie":1,"born_in_chaos_v1:corpse_fly":3,"enemyexpansion:direwolf":1},"minecraft:mined":{"minecraft:large_fern":1,"minecraft:iron_ore":10,"minecraft:sweet_berry_bush":16,"minecraft:spruce_log":14,"minecraft:crafting_table":3,"minecraft:granite":3,"minecraft:grass_block":3,"minecraft:dirt":14,"minecraft:spruce_leaves":3,"minecraft:stone":98},"minecraft:crafted":{"minecraft:crafting_table":1,"minecraft:spruce_planks":56,"minecraft:stick":8,"minecraft:wooden_pickaxe":1,"minecraft:stone_pickaxe":1,"minecraft:furnace":1},"minecraft:broken":{"minecraft:stone_pickaxe":1}},"DataVersion":3465}